{
    "mean": [-55.85948487, -41.29265173,   9.21777952, -20.62336245, -12.75683687,
    -6.39676948, -22.7496389,   -1.07652159,  -0.39959252,  20.06932672,
    17.29038246,  11.56066118,   6.63553336,  -0.49556675,  23.94981053,
   -10.29207028,   8.45063682, -11.89900556,  22.00680543, -17.16780086,
    10.01469909,  -7.96927167, -14.11266437, -13.02499675, -14.47229649,
   -20.24436234,   2.6990537,   -4.97969215, -10.70090026,   4.5814808,
    -0.67572412,  -5.91387542,  10.02299357,   2.29657682,   1.84589541,
    -2.04544276,  -9.71869921,  -0.47483525,  -5.42045123,   0.28046024,
    -3.58609078,   1.70849248,  -0.85107686,   7.80991952,  -3.7841609,
    -8.76188563,  -2.83723211,  12.07168872,   3.02661769,  -1.81559582,
     8.0767983,   -0.46490823,   5.12176935,   4.60593387,  11.10142083,
     4.74891738,  -2.01571935, -11.39180801,  11.60198553,  -1.70192978,
    -3.82135979,  -2.66310169,   5.52149405,  -4.5956016,    6.96515025,
    -0.09543647,  -3.34732364,   3.9221133,    6.1785163,    5.65594223,
    -13.25683763,   1.29886382,   4.63576591,  -7.1660402,    4.42611984,
    -3.08560124],
    "scale": [20.71745395, 14.05720458,  9.51177532, 10.46593957,  7.01449619,  4.37002981,
    7.0156034,   4.86106282,  5.15293629,  6.06610424,  7.4965433,   6.09921437,
    3.45599072,  2.26018576,  6.20153513,  3.54260276,  3.15442382,  3.82864685,
    5.76746415,  3.79459727,  4.09847959,  4.50358789,  4.88374932,  4.49590749,
    5.61549744,  8.48552748,  3.72447515,  4.33288388,  4.87677833,  2.5307076,
    3.19300678,  3.89941113,  2.7207491,   2.20867443,  2.43961236,  2.79142211,
    3.4130351,   1.87283244,  3.30556795,  2.40787935,  2.41089913,  2.55004361,
    1.63111815,  3.41850411,  2.71095672,  4.77844061,  2.919662,    3.03268984,
    1.77271784,  1.41065447,  5.55116856,  2.02095676,  2.21694641,  1.77085176,
    3.77689546,  2.68904495,  1.58997287,  3.88526292,  2.43405656,  1.47435554,
    1.48209981,  1.3856252,   2.13102401,  1.25438148,  1.97787114,  1.88267652,
    1.60224118,  1.99051858,  2.04621591,  2.63295488,  3.61329697,  1.90138083,
    2.30947192,  4.2687323,   1.63365306,  1.82805078]
}
